年月,最深積雪(cm),平均気温(℃),日最高気温の平均(℃),日最低気温の平均(℃),最高気温(℃),最低気温(℃),日平均気温0℃未満日数(日),日最高気温0℃未満日数(日),日最低気温0℃未満日数(日),降雪量合計(cm),降雪量日合計最大(cm),降雪量日合計3cm以上日数(日),降水量の合計(mm)
Jan-84,282,-3,-0.1,-5.5,3.7,-9.8,25,15,27,565,58,23,417
Feb-84,344,-3.9,-1.4,-6.3,3.4,-10.8,28,17,29,455,63,22,366
Mar-84,353,-1.2,2.1,-4.4,12.9,-9.7,22,6,28,273,43,18,160
Apr-84,258,6,11.1,2.3,20.9,-4.5,0,0,9,65,5,13,21
May-84,31,13.5,19.3,9,24.8,4.7,0,0,0,8,4,2,84
Jun-84,,20.1,24.6,16.4,29.9,11.8,0,0,0,,,,151
Jul-84,,23.4,28.5,19.9,32.8,15.4,0,0,0,,,,233
Aug-84,,25,30.7,20.6,34.5,15.6,0,0,0,,,,23
Sep-84,,18.5,22.9,15,30.4,8.6,0,0,0,,,,96
Oct-84,,11.7,16.1,8.2,25.9,2.1,0,0,0,,,,106
Nov-84,7,6,10.6,2.4,18.6,-4,0,0,6,12,6,2,127
Dec-84,232,0.8,4,-1.7,13.6,-6.5,15,6,23,498,63,19,401
Jan-85,290,-3.7,-1.1,-6.4,4.5,-12.3,30,20,31,666,71,30,397
Feb-85,243,-0.5,2.2,-3,7,-7.9,16,6,25,362,35,28,151
Mar-85,207,2.4,5.8,-0.7,14.3,-5,5,0,19,104,32,9,113
Apr-85,97,9.7,15.3,5.1,23.6,-1.9,0,0,2,0,0,0,74
May-85,,15.3,20.9,10.4,26.7,5.6,0,0,0,,,,123
Jun-85,,18,22.4,14.4,28.8,10.8,0,0,0,,,,236
Jul-85,,22.4,27.3,18.5,33.2,13.9,0,0,0,,,,380
Aug-85,,26,31.9,21.4,34.2,18,0,0,0,,,,25
Sep-85,,18.9,22.8,16.1,32.5,10.2,0,0,0,,,,218
Oct-85,0,12.2,16.5,8.6,25.2,2,0,0,0,,,,122
Nov-85,20,6.6,10.7,3.6,18.7,-1.8,0,0,4,83,19,8,217
Dec-85,151,0.1,3.4,-2.7,10,-7.2,18,8,24,475,62,27,296
Jan-86,248,-2.9,0.2,-5.8,4.8,-9.7,28,14,31,609,47,31,266
Feb-86,252,-3.3,-0.2,-6.4,4.8,-9.6,27,17,27,473,37,27,196
Mar-86,236,1.6,5.3,-1.4,13.8,-6.5,7,1,21,348,36,28,129
Apr-86,152,8.2,13.9,3.5,27.1,-4.6,1,0,9,125,27,10,72
May-86,,13.8,19.4,9,26.5,4.6,0,0,0,,,,72
Jun-86,,18.2,23.1,14.2,27.9,9.4,0,0,0,,,,125
Jul-86,,20.9,25.4,17.8,32.5,15.1,0,0,0,,,,111
Aug-86,,23.9,29.1,20.2,33.3,17,0,0,0,,,,58
Sep-86,,19.4,23.9,15.8,31.3,10.5,0,0,0,,,,169
Oct-86,,10.9,15.6,7.2,24.6,0.3,0,0,0,,,,157
Nov-86,16,6,10.5,2.4,18,-3.5,1,0,7,37,17,3,90
Dec-86,68,2,5.5,-1.2,10.7,-6.1,8,0,20,240,61,12,240
Jan-87,159,-1.4,1.8,-4.4,10.8,-9.8,22,9,30,650,71,31,299
Feb-87,178,-0.6,3.2,-3.8,13.2,-10.2,18,7,27,449,52,25,222
Mar-87,190,2.4,6.7,-1.2,15.1,-5.3,9,3,20,329,43,23,156
Apr-87,51,8.6,14.7,3.5,27.2,-5.2,1,0,6,30,23,2,37
May-87,,14.8,20.6,9.7,28,2.3,0,0,0,,,,131
Jun-87,,19.5,25.1,14.9,32.8,9.8,0,0,0,,,,80
Jul-87,,23.2,27.7,19.5,34.3,16.2,0,0,0,,,,118
Aug-87,,23.7,28.7,20.2,33,18.1,0,0,0,,,,73
Sep-87,,19,23.8,15.2,31.3,8.3,0,0,0,,,,81
Oct-87,,13.5,18,9.9,24.2,6.1,0,0,0,,,,27
Nov-87,14,6.7,11.4,2.8,20.9,-2.8,2,0,6,19,15,2,105
Dec-87,70,1,4.7,-2.1,12.1,-7.9,11,1,23,231,50,21,147
Jan-88,115,-0.4,2.9,-3.3,11.3,-6.7,19,4,29,297,68,18,246
Feb-88,214,-3,0.1,-5.6,6.9,-10.6,26,15,29,425,68,22,328
Mar-88,163,1.3,4.7,-1.9,9.9,-6.3,10,1,20,155,23,17,118
Apr-88,68,7.8,13.3,3.3,21.9,-1.9,0,0,6,26,16,3,53
May-88,,13.4,18.6,8.9,28.8,3.3,0,0,0,,,,139
Jun-88,,18.2,22.9,14.5,27.6,9.1,0,0,0,,,,183
Jul-88,,20.6,24.6,17.7,29.2,14.9,0,0,0,,,,173
Aug-88,,23.7,28.6,20.4,32.1,16.9,0,0,0,,,,105
Sep-88,,19.1,22.8,16.3,27.9,13.6,0,0,0,,,,182
Oct-88,8,10.8,15,7.1,20.4,0.9,0,0,0,21,12,2,146
Nov-88,9,3.8,8.2,0.7,15,-3.2,1,0,11,50,15,6,193
Dec-88,98,0.4,4.3,-2.5,10.6,-7.3,12,3,30,268,53,14,226
Jan-89,102,0.9,4.1,-1.9,9.6,-6.9,12,4,23,202,32,17,196
Feb-89,106,0.6,3.8,-2.5,12.7,-6.2,10,3,22,211,27,21,227
Mar-89,48,3,7.1,-0.3,18.1,-3.8,5,0,18,143,25,19,133
Apr-89,0,9.4,15.5,4.4,23.2,-0.8,0,0,2,0,0,0,124
May-89,,13.5,18.7,9.3,25.4,4.6,0,0,0,,,,115
Jun-89,,17.4,21.9,13.9,30.5,10.3,0,0,0,,,,105
Jul-89,,21.6,26.3,18.2,32,12.4,0,0,0,,,,155
Aug-89,,23,27.7,19.5,31.8,15.6,0,0,0,,,,126
Sep-89,,19.2,23.3,16.4,29.1,10.9,0,0,0,,,,226
Oct-89,,11.7,16.5,8.2,21,2.8,0,0,0,,,,115
Nov-89,0,7.8,12.4,4.4,22,-1.1,0,0,4,0,0,0,116
Dec-89,31,1.4,4.3,-1.2,14,-4.2,7,3,24,176,33,16,178
Jan-90,230,-2.2,1.1,-4.9,10.9,-9.7,25,11,30,458,84,25,386
Feb-90,142,2,5,-0.4,12.5,-6.3,7,0,16,80,7,18,88
Mar-90,54,3.3,7.4,-0.1,16.5,-5,4,0,16,105,32,11,177
Apr-90,11,9.1,14.3,4.4,23.2,-1.9,0,0,3,16,14,1,120
May-90,,13.9,19.3,9.3,28.9,3.3,0,0,0,,,,80
Jun-90,,19.8,24.3,15.9,30.7,12.1,0,0,0,,,,126
Jul-90,,22.9,27.8,19.1,32.5,14,0,0,0,,,,54
Aug-90,,24.5,30.1,20.1,34.4,15.1,0,0,0,,,,49
Sep-90,,19.6,24.2,16.3,31.3,11.9,0,0,0,,,,263
Oct-90,,13,17.1,9.7,22.6,3.6,0,0,0,,,,215
Nov-90,0,8.5,12.9,5,18.1,-2,0,0,2,0,0,0,111
Dec-90,48,2.8,6.4,-0.4,16.9,-4.6,5,0,21,144,35,12,196
Jan-91,187,-1.3,1.2,-3.8,6.6,-8.6,23,9,30,457,56,24,412
Feb-91,243,-1.9,1,-4.8,7.2,-8.1,24,12,27,362,33,20,320
Mar-91,204,2.6,6.2,-0.4,12.5,-5.3,6,2,16,132,27,16,101
Apr-91,84,9.6,15.5,4.4,24,-3.1,0,0,5,20,3,3,59
May-91,,14.4,20,9.7,29,0.2,0,0,0,,,,65
Jun-91,,19.9,24.5,16.2,30.7,11.1,0,0,0,,,,112
Jul-91,,22,26.3,18.6,33.3,15.6,0,0,0,,,,204
Aug-91,,22.4,26.9,19.1,32.6,12.9,0,0,0,,,,171
Sep-91,,19.6,23.9,16.6,31.9,11.8,0,0,0,,,,127
Oct-91,,13.2,16.1,10.6,22.1,4.5,0,0,0,,,,214
Nov-91,16,5.8,10,2.3,15.6,-4,0,0,6,28,16,3,102
Dec-91,90,2.1,5.9,-0.8,12.8,-5.1,5,3,20,226,86,14,178
Jan-92,122,-0.2,3,-2.9,6.3,-8,13,2,29,309,52,21,203
Feb-92,174,-1.1,2.4,-4.3,11.1,-8.4,23,8,27,376,54,20,244
Mar-92,131,2.9,6.7,-0.2,14,-5.4,7,0,19,155,28,21,136
Apr-92,33,9,14.6,4.5,24.5,-0.3,0,0,2,18,6,3,109
May-92,,12.5,17.5,8.2,24.9,2,0,0,0,,,,69
Jun-92,,17.4,22.3,13.4,28.8,11.1,0,0,0,,,,134
Jul-92,,22,26.9,18.5,33.8,14.5,0,0,0,,,,98
Aug-92,,23.8,29.3,19.9,33.2,15.5,0,0,0,,,,80
Sep-92,,18.2,23.1,14.5,32.1,8,0,0,0,,,,69
Oct-92,,12.4,16.9,9,24.7,2.7,0,0,0,,,,101
Nov-92,36,6.7,11.2,3,17.1,-4.3,1,1,5,49,30,4,98
Dec-92,86,2,5.2,-0.9,16.3,-6.6,10,2,19,272,61,18,253
Jan-93,105,0.1,3.1,-2.5,8.6,-6.6,14,1,28,261,45,23,185
Feb-93,194,-0.3,3.1,-3.2,11.6,-7.7,19,4,25,405,45,20,319
Mar-93,173,1.6,5.4,-1.6,13.3,-6.5,13,2,23,253,39,22,171
Apr-93,103,6.7,12.2,2.6,25.4,-4,0,0,7,90,18,13,64
May-93,,13.3,19.2,8.3,28.6,1.5,0,0,0,,,,101
Jun-93,,17.8,22.2,14.2,29.9,9,0,0,0,,,,186
Jul-93,,20.6,25,17.4,31.7,13.7,0,0,0,,,,205
Aug-93,,21,25.5,17.8,31.6,14.4,0,0,0,,,,223
Sep-93,,17.8,21.7,15.1,31.1,8.1,0,0,0,,,,148
Oct-93,,11.5,16,7.9,21.5,-0.4,0,0,1,,,,120
Nov-93,7,7.8,12.5,3.7,21,-3.1,0,0,5,14,10,1,80
Dec-93,54,1.6,5,-1.5,14.7,-5.8,8,2,24,223,33,16,184
Jan-94,155,-1.6,1.8,-4.6,6.7,-9.3,23,7,31,386,55,27,213
Feb-94,206,-1,1.7,-3.5,7.6,-6.2,17,9,28,365,44,20,263
Mar-94,177,0.6,4.2,-2.8,9.1,-6.3,14,2,27,175,22,22,65
Apr-94,102,9.4,15.8,4.5,21.8,-0.5,0,0,3,54,10,10,25
May-94,,15.3,21.2,10.2,27.1,4.7,0,0,0,,,,58
Jun-94,,18.9,24,14.7,29,9.8,0,0,0,,,,88
Jul-94,,24.7,29.7,20.8,33.6,18.1,0,0,0,,,,42
Aug-94,,25.6,31.2,21.4,36.4,17.8,0,0,0,,,,34
Sep-94,,20.1,25,16.5,31.5,10.1,0,0,0,,,,145
Oct-94,,14.5,19,11.1,27.5,4.3,0,0,0,,,,94
Nov-94,3,6.9,11.8,3.1,18.8,-2.7,0,0,6,5,5,1,79
Dec-94,81,1.3,4.4,-1.5,14.4,-9,10,4,21,211,67,11,220
Jan-95,217,-1.8,1.2,-4.6,9.5,-9,25,13,29,501,70,18,391
Feb-95,245,-1.3,1.6,-3.8,6,-6.8,23,7,28,277,31,17,228
Mar-95,244,2,6,-1.3,14.6,-6.4,7,1,21,126,27,13,142
Apr-95,123,8.4,14.1,4.1,23,-3,0,0,3,6,3,2,78
May-95,,14.5,19.8,10.1,28,5.1,0,0,0,,,,84
Jun-95,,17.1,21.5,13.7,29.6,8.6,0,0,0,,,,91
Jul-95,,21.9,26,18.8,34.6,15.9,0,0,0,,,,366
Aug-95,,24.1,29.2,20.3,33,16,0,0,0,,,,113
Sep-95,,17.2,21.6,13.9,27.7,9.3,0,0,0,,,,141
Oct-95,,13.8,18.7,10.2,24.4,2.7,0,0,0,,,,52
Nov-95,18,4.7,9.6,0.9,16.8,-2.6,0,0,6,40,16,6,135
Dec-95,96,-0.1,2.7,-2.6,8.3,-8.2,14,5,26,238,40,13,233
Jan-96,234,-1.4,1.6,-4.1,7.4,-9.1,21,8,30,396,58,17,291
Feb-96,264,-2.4,0.9,-5.6,10.8,-10,23,13,28,304,36,17,205
Mar-96,279,1.4,5.5,-2,15.9,-8.3,13,3,21,246,39,15,204
Apr-96,144,5.8,10.6,1.8,24.2,-4,3,1,10,81,36,5,62
May-96,,13.4,19.1,8.5,27.7,1.8,0,0,0,,,,116
Jun-96,,18.8,23.8,14.9,28.6,7.5,0,0,0,,,,172
Jul-96,,22.6,27.5,18.7,33.2,14,0,0,0,,,,64
Aug-96,,22.9,28.2,18.8,33.3,13.5,0,0,0,,,,77
Sep-96,,17.5,22.1,13.7,31,8.2,0,0,0,,,,180
Oct-96,,12.1,17.6,8.3,23.4,3.1,0,0,0,,,,97
Nov-96,7,6.4,10.1,2.9,18.7,-2.5,0,0,7,18,6,3,119
Dec-96,49,1.6,5.4,-1.5,12.1,-5.2,8,1,21,114,37,9,132
Jan-97,204,-1,2,-3.8,12.6,-9.2,23,9,31,407,64,17,315
Feb-97,229,-1.5,2.3,-4.7,12.1,-8.5,22,7,28,325,46,16,237
Mar-97,162,2.9,7.6,-1.2,13.2,-6.4,3,0,19,67,33,4,86
Apr-97,51,8.5,14,4.2,24.7,-1.6,0,0,1,0,0,0,121
May-97,,14.9,20.9,10.1,26.7,3.6,0,0,0,,,,152
Jun-97,,19,23.8,15.1,29.4,10.8,0,0,0,,,,121
Jul-97,,22.4,26.9,18.9,33.2,14.7,0,0,0,,,,236
Aug-97,,23.3,28.5,19.5,33.5,16,0,0,0,,,,63
Sep-97,,18.2,21.9,15.4,32,7.1,0,0,0,,,,161
Oct-97,,11.5,17.1,7.3,23.6,2.8,0,0,0,,,,42
Nov-97,0,7.8,12.4,4,17.2,-0.4,0,0,2,0,0,0,143
Dec-97,61,1.9,5.6,-1.2,12.9,-6,6,1,20,120,32,7,141
Jan-98,138,-1.3,1.7,-3.9,8,-9.3,25,8,29,365,66,25,227
Feb-98,135,0.4,4.1,-2.8,10.3,-7.7,14,4,22,165,38,11,130
Mar-98,80,3.3,7.9,-0.3,19.5,-4.5,7,0,17,160,38,15,123
Apr-98,10,12.3,17.1,8.3,27,-0.9,0,0,3,15,10,2,115
May-98,,16.5,22.1,11.5,29.2,6.7,0,0,0,,,,134
Jun-98,,18.5,22.9,15,29,9.4,0,0,0,,,,88
Jul-98,,22.9,27.6,19.3,33.6,15,0,0,0,,,,88
Aug-98,,22.6,26.8,19.9,32.6,14.9,0,0,0,,,,290
Sep-98,,20.5,25.1,17.3,31.1,14.2,0,0,0,,,,166
Oct-98,,14.8,19.2,11.5,30.4,4.7,0,0,0,,,,117
Nov-98,7,6.4,10.9,2.8,19.9,-1.4,0,0,7,9,5,2,88
Dec-98,74,2.2,5.8,-0.6,11.4,-4,1,1,19,108,47,8,152
Jan-99,192,-1.4,1.6,-4.1,7.5,-7.2,23,10,31,426,69,21,336
Feb-99,233,-1.6,2.4,-5.2,8.8,-10.4,19,5,27,301,65,19,210
Mar-99,165,3,8,-0.7,16.9,-5.7,4,1,20,126,14,18,75
Apr-99,67,8.7,14.1,4.5,21.2,-4,1,0,5,56,18,7,65
May-99,,14.5,20.3,9.3,25.7,3.8,0,0,0,,,,57
Jun-99,,18.7,23.2,14.9,30.2,8.6,0,0,0,,,,156
Jul-99,,22.6,27.2,19.2,34.6,15,0,0,0,,,,93
Aug-99,,24.9,30.5,21.1,34.6,17.6,0,0,0,,,,145
Sep-99,,21.3,26.1,17.9,29.4,12,0,0,0,,,,177
Oct-99,,13.3,18.2,9.6,28.3,1.8,0,0,0,,,,159
Nov-99,2,7.2,12.1,3.5,16.6,-1.5,0,0,2,3,3,1,118
Dec-99,60,1.1,4.2,-1.3,8.7,-6.5,11,0,23,248,25,22,216
Jan-00,99,0.4,3.8,-2.2,10.8,-7.1,12,5,22,240,57,19,161
Feb-00,205,-2.2,0.9,-4.8,5.9,-8.9,24,12,28,441,90,20,291
Mar-00,196,0.9,4.9,-2.6,12.2,-7.8,12,2,28,228,39,15,190
Apr-00,120,7.7,12.7,3.5,18.4,-0.7,0,0,1,30,4,5,65
May-00,0,15.3,21,11,29.6,4.7,0,0,0,0,0,0,50
Jun-00,,18.8,23.6,15,31.8,8.5,0,0,0,,,,159
Jul-00,,23.5,28.7,19.4,34.1,15.4,0,0,0,,,,96
Aug-00,,24.6,30.2,20.8,33.9,18.9,0,0,0,,,,70
Sep-00,,20.1,24.7,16.9,32.7,10.5,0,0,0,,,,211
Oct-00,,12.9,17,9.5,24.2,1.7,0,0,0,,,,162
Nov-00,0,6.9,11.3,3.4,20.5,-1.8,0,0,2,0,0,0,140
Dec-00,89,1,4.8,-2.2,11.5,-7.3,8,3,29,216,45,11,217
Jan-01,231,-2.5,0.2,-4.9,5.3,-10.8,26,14,31,482,51,27,380
Feb-01,231,-1.4,2.1,-4.6,10.3,-8.4,21,9,27,295,53,14,154
Mar-01,258,1.6,5.6,-1.5,15.5,-8.3,9,4,22,263,42,19,181
Apr-01,142,8.4,14.7,3.5,21.2,-2.6,0,0,4,76,10,14,26
May-01,,15.6,21.3,10.8,28,5.8,0,0,0,,,,63
Jun-01,,18.6,22.9,15,28.3,8.7,0,0,0,,,,215
Jul-01,,24.1,29.8,19.7,32.7,14.3,0,0,0,,,,80
Aug-01,,23.1,28.1,19.4,33,14.4,0,0,0,,,,110
Sep-01,,18.5,23.2,14.8,29,4.8,0,0,0,,,,114
Oct-01,,12.6,17.5,8.9,23.4,2.6,0,0,0,,,,117
Nov-01,4,6,11.1,2.1,15.8,-1.6,0,0,3,4,4,1,141
Dec-01,132,0.4,2.9,-1.7,9,-5.9,18,2,25,336,56,16,278
Jan-02,194,-0.4,2.3,-2.9,7.9,-8.3,17,5,28,330,38,23,324
Feb-02,196,0,3.5,-2.7,8.3,-7.7,13,4,23,223,37,13,112
Mar-02,144,4,9.5,-0.1,17.9,-5.7,2,0,14,105,16,17,100
Apr-02,12,10.9,16.4,6.3,26.6,0.6,0,0,0,3,2,0,78
May-02,,14.4,19.8,10,26.4,4.8,0,0,0,,,,60
Jun-02,,18.1,23,14,29,9.4,0,0,0,,,,66
Jul-02,,24,28.7,20.3,34.4,15.4,0,0,0,,,,186
Aug-02,,23.9,29.3,20.1,33.7,13.8,0,0,0,,,,135
Sep-02,,18.6,23,15.1,34.4,8.5,0,0,0,,,,100
Oct-02,0,12.6,17.2,9.1,24.4,1.3,0,0,0,0,0,0,174
Nov-02,30,3.5,7.7,0.7,13.5,-1.4,0,0,13,72,33,5,245
Dec-02,103,0.4,3.2,-2,11.1,-8.1,15,7,26,246,47,13,193
Jan-03,203,-2,1.3,-4.9,6.8,-9.6,26,10,31,409,61,19,296
Feb-03,193,-0.8,3.1,-4,6.8,-7.9,19,2,25,207,35,15,114
Mar-03,248,1.1,5,-2,15.5,-6,11,4,23,222,41,18,204
Apr-03,116,8.7,14.7,4.3,25.2,-1,0,0,3,40,10,6,132
May-03,0,15.7,22.4,10.4,29.4,2.3,0,0,0,0,0,0,48
Jun-03,,19.3,24.4,15.1,29,9.2,0,0,0,,,,84
Jul-03,,20.1,24.9,16.9,29.1,13.8,0,0,0,,,,121
Aug-03,,22.6,27.7,19.2,32.9,15.9,0,0,0,,,,240
Sep-03,,19.5,24.5,15.9,33.4,7,0,0,0,,,,133
Oct-03,0,11.8,17.3,7.6,21.2,2.7,0,0,0,0,0,0,67
Nov-03,0,9,13.2,5.6,21.6,-0.7,0,0,1,0,0,0,159
Dec-03,100,1.6,5.3,-1.5,10.4,-6.3,7,2,24,185,50,10,250
Jan-04,160,-1.5,1.9,-4.1,7.4,-7.5,23,8,29,323,43,23,190
Feb-04,171,0.4,4.9,-3.2,16.2,-6.7,15,2,26,296,57,15,204
Mar-04,149,2.6,8.3,-1.3,20.7,-7.3,8,0,20,160,20,19,68
Apr-04,29,9.8,16.7,4.3,26.8,-2.1,0,0,2,9,4,2,71
May-04,,15.7,21.8,11,29.3,6.6,0,0,0,,,,232
Jun-04,,19.5,25.2,15.1,33,8.5,0,0,0,,,,91
Jul-04,,23.9,29.4,19.9,34.1,16.8,0,0,0,,,,135
Aug-04,,23.1,29,18.8,34.5,13.8,0,0,0,,,,60
Sep-04,,20.4,25.8,16.7,31.4,11.9,0,0,0,,,,257
Oct-04,,12.3,17.1,8.8,26.6,1.5,0,0,0,,,,330
Nov-04,0,8.9,13.8,5.1,21.3,0.3,0,0,0,0,0,0,77
Dec-04,68,2.6,6.7,-0.8,16.6,-7.9,8,2,20,147,31,10,219
Jan-05,209,-1.6,1.5,-4.4,6.9,-8.3,24,10,31,486,54,21,437
Feb-05,262,-1.5,1.9,-4.4,7.2,-9.2,21,9,28,345,74,19,241
Mar-05,233,1.2,5.7,-2.6,12.3,-7,13,2,22,212,33,20,147
Apr-05,150,8.4,14.8,3.5,28.7,-2.5,0,0,4,54,6,13,37
May-05,,13.1,19.7,8.2,26.3,2.5,0,0,0,,,,47
Jun-05,,20.3,25.6,16.3,31.8,10,0,0,0,,,,117
Jul-05,,21.9,27.2,18.5,32.8,16,0,0,0,,,,219
Aug-05,,23.7,29.1,20.5,33.1,16.1,0,0,0,,,,335
Sep-05,,20.3,25.4,16.6,32.5,11,0,0,0,,,,161
Oct-05,,13.9,18.2,10.6,24.6,5.2,0,0,0,,,,106
Nov-05,0,6.1,11,2.7,17.7,-2.7,0,0,3,0,0,0,116
Dec-05,264,-1.8,1,-4.1,6.8,-9.4,21,12,31,572,68,25,623
Jan-06,343,-2.6,0.3,-5.8,7.3,-12.1,26,14,30,462,56,22,335
Feb-06,334,-1,3.2,-4.7,10.9,-12.1,18,5,23,244,46,16,216
Mar-06,257,1.6,6.5,-2.2,13.8,-8,7,1,25,168,37,15,166
Apr-06,188,6.5,11.8,2.3,21.3,-1.9,0,0,5,66,7,11,99
May-06,0,14.4,20.5,9.5,28.9,3.2,0,0,0,0,0,0,79
Jun-06,,19.2,24.5,15.1,28.4,10.7,0,0,0,,,,41
Jul-06,,21.4,25.6,18.7,30.8,15.5,0,0,0,,,,428
Aug-06,,24.6,30.7,20.5,34.3,16.3,0,0,0,,,,38
Sep-06,,18.9,24,15.3,32.9,10.3,0,0,0,,,,170
Oct-06,,14,19.1,10.6,23.8,8.2,0,0,0,,,,259
Nov-06,0,7.4,12.2,3.6,19.2,-2,0,0,1,0,0,0,142
Dec-06,50,2,5.6,-0.8,10.4,-4.9,6,1,20,155,34,12,252
Jan-07,68,0.2,3.4,-2.4,7.9,-6.1,14,0,27,197,21,25,124
Feb-07,56,1.2,5.5,-2.4,12.5,-7.4,10,1,22,177,28,17,116
Mar-07,44,2.7,7.5,-1,18.6,-4.9,10,2,22,118,31,9,118
Apr-07,0,7.9,13.5,3.3,23.8,-2.3,0,0,3,0,0,0,52
May-07,0,14.3,20.5,9.2,28.8,3.9,0,0,0,0,0,0,129
Jun-07,,18.7,24.1,14.8,28.2,10.2,0,0,0,,,,233
Jul-07,,20.8,25.2,17.8,29,14.4,0,0,0,,,,139
Aug-07,,24.2,30.1,20.1,35.3,16.4,0,0,0,,,,187
Sep-07,,21.6,27.4,17.7,32.1,12.1,0,0,0,,,,106
Oct-07,,13,18.3,9.3,24,3.3,0,0,0,,,,185
Nov-07,53,6,10.8,2.5,17,-3.4,2,0,9,104,35,5,199
Dec-07,40,1.4,4.6,-0.8,11.6,-5.1,9,1,21,213,36,19,222
Jan-08,106,-1.9,0.7,-4.4,6.5,-10.1,23,14,29,329,35,27,122
Feb-08,212,-3.4,0.1,-6.8,6.9,-10.8,29,16,29,430,46,21,215
Mar-08,183,2,6.1,-1.2,12.1,-6.2,9,2,20,170,23,22,77
Apr-08,71,7.7,13.8,2.8,24.6,-1.3,0,0,2,50,14,8,58
May-08,1,14,20.1,8.8,27.5,2.5,0,0,0,0,0,0,87
Jun-08,0,17.2,22.5,12.9,27.9,7.4,0,0,0,0,0,0,189
Jul-08,0,22.4,27.8,18.6,31.7,12.1,0,0,0,0,0,0,143
Aug-08,0,22.1,27.3,18.6,32.5,14.3,0,0,0,0,0,0,194
Sep-08,0,18.1,23.2,14.5,29.7,6.8,0,0,0,0,0,0,114
Oct-08,0,12.7,18.4,8.9,22.9,1.8,0,0,0,0,0,0,36
Nov-08,7,5.3,10.1,1.8,16.8,-3.5,1,0,10,9,7,1,112
Dec-08,50,1.9,6.9,-2.1,15.8,-5.7,8,2,24,86,34,7,120
Jan-09,93,-1.4,2.2,-4.6,7.7,-10.7,24,5,29,267,31,27,160
Feb-09,88,-0.4,3.7,-4,13.8,-9.2,17,2,27,266,31,26,106
Mar-09,64,1.7,6.9,-2.3,19.3,-6.9,9,0,28,134,23,16,118
Apr-09,5,8.4,14.6,3.6,22.4,-1.5,0,0,5,6,6,1,90
May-09,0,14.4,20.5,9.2,28.1,1.1,0,0,0,0,0,0,69
Jun-09,0,18,23.7,13.4,30.3,6.3,0,0,0,0,0,0,90
Jul-09,0,21,25.8,18,33.1,15,0,0,0,0,0,0,256
Aug-09,0,21.8,27.2,18.2,31.3,12.6,0,0,0,0,0,0,135
Sep-09,0,17.6,22.6,13.8,27.1,7.7,0,0,0,0,0,0,39
Oct-09,0,11.9,17,8.2,22.7,4.7,0,0,0,0,0,0,187
Nov-09,1,6.2,11.1,2.7,21.3,-2.4,0,0,6,1,1,0,132
Dec-09,79,1.1,4.8,-1.9,12.4,-8.6,10,3,20,248,66,14,156
Jan-10,235,-2.1,1.3,-5.7,6,-11,26,11,31,417,53,25,289
Feb-10,221,-1.2,2.7,-4.6,13.4,-10.3,20,10,26,252,56,23,120
Mar-10,118,1.3,5.9,-2.3,18.2,-6.4,10,1,28,261,22,27,126
Apr-10,60,5.6,11.1,1.4,18.1,-2.9,0,0,10,34,5,8,82
May-10,0,13,19.1,8,29.6,1.5,0,0,0,0,0,0,74
Jun-10,0,18.6,24.3,14.1,27.9,7.5,0,0,0,0,0,0,140
Jul-10,0,22.4,27.8,18.8,31.6,15.7,0,0,0,0,0,0,230
Aug-10,0,24.7,30.3,20.8,33.9,19.1,0,0,0,0,0,0,98
Sep-10,0,19.4,24.5,16.2,32,9.2,0,0,0,0,0,0,190
Oct-10,0,13.1,17.7,9.8,23,0.5,0,0,0,0,0,0,118
Nov-10,0,5.6,11.1,1.6,17.6,-2.3,0,0,8,0,0,0,64
Dec-10,32,1.7,5.8,-1.9,13.2,-5.7,12,1,24,85,32,8,174
Jan-11,198,-3.9,-0.9,-7.1,2.1,-13.3,31,20,31,474,47,24,253
Feb-11,175,-1.6,3.4,-6.2,11.2,-12,21,5,28,162,22,15,86
Mar-11,158,-0.8,3.6,-4.2,13.1,-7.8,19,6,30,344,41,27,146
Apr-11,106,5.3,11.8,0.6,24.4,-4.9,1,0,11,69,7,14,100
May-11,0,13.3,19.3,8.1,26.1,2.5,0,0,0,0,0,0,162
Jun-11,0,18.4,24,14.5,29.5,9,0,0,0,0,0,0,154
Jul-11,0,22.6,27.9,19,32,13.7,0,0,0,0,0,0,210
Aug-11,0,22.8,28.1,19.3,32.1,16.5,0,0,0,0,0,0,129
Sep-11,0,19.1,24.5,15.2,31.3,8.4,0,0,0,0,0,0,160
Oct-11,0,11.7,17,7.7,21.8,3.1,0,0,0,0,0,0,106
Nov-11,0,7.4,12,4.1,19.3,-1.6,0,0,4,0,0,0,116
Dec-11,154,-0.4,2.8,-3.3,14.2,-10.3,18,8,27,321,55,15,264
Jan-12,260,-3.5,-0.6,-6.8,2.7,-11.7,29,20,31,516,62,24,298
Feb-12,287,-3.5,-0.2,-8.1,6.6,-15.5,26,16,28,350,55,21,196
Mar-12,210,0.5,4.8,-3.5,14.7,-10.7,12,2,26,200,26,20,128
Apr-12,150,6.3,12.1,1.6,24.6,-5.7,3,0,8,102,14,14,61
May-12,0,12.7,18.9,7.6,24,0.8,0,0,0,0,0,0,78
Jun-12,0,17.8,23.3,13.4,27.7,10,0,0,0,0,0,0,65
Jul-12,0,22.3,27.3,18.7,32.8,15.2,0,0,0,0,0,0,193
Aug-12,0,23.9,30.2,19.3,32.7,15.3,0,0,0,0,0,0,48
Sep-12,0,20.5,26.2,16.4,31.4,10.7,0,0,0,0,0,0,132
Oct-12,0,12.2,17.8,8.1,21.8,2.1,0,0,0,0,0,0,56
Nov-12,15,4.8,9.2,1.6,17.1,-3.2,1,0,8,29,19,3,164
Dec-12,102,-1,2.6,-4.1,9.1,-11,20,7,29,333,68,17,166
Jan-13,170,-3,0,-6.1,5,-10.7,30,17,31,359,71,22,108
Feb-13,210,-3,0.8,-6.8,9.6,-11,25,15,28,311,47,18,116
Mar-13,178,1.9,7.4,-2.5,17.3,-7.7,9,2,24,124,16,17,31
Apr-13,38,6.4,12.4,1.7,21.2,-2,0,0,9,14,5,2,74
May-13,0,13.6,20.3,8.1,27.4,1,0,0,0,0,0,0,42
Jun-13,0,18.9,24.3,14.7,28.5,9.6,0,0,0,0,0,0,186
Jul-13,0,22,27,18.5,30.7,13.5,0,0,0,0,0,0,125
Aug-13,0,22.7,28.1,19,32.2,14.7,0,0,0,0,0,0,261
Sep-13,0,18.5,24.2,14.6,28.8,7.8,0,0,0,0,0,0,256
Oct-13,0,14,18.6,10.5,28.4,3.9,0,0,0,0,0,0,218
Nov-13,16,5,10,1.3,16.5,-3.8,0,0,11,40,21,4,137
Dec-13,59,0.1,3.4,-2.6,10.7,-7.1,18,4,28,173,39,15,100
Jan-14,133,-3.1,0.6,-6.7,7.3,-11.1,29,15,31,311,48,21,152
Feb-14,188,-2.3,0.8,-5.3,10.6,-9.3,23,12,25,239,54,17,139
Mar-14,162,0.9,5.3,-2.6,16.1,-9.8,13,5,23,248,55,18,221
Apr-14,66,6.8,13,1.9,21.3,-1.9,1,0,9,30,17,3,39
May-14,0,13.8,20.4,8.4,27.4,2.9,0,0,0,0,0,0,51
Jun-14,0,18.9,24.6,14.7,32.3,10.2,0,0,0,0,0,0,57
Jul-14,0,21.6,27,17.8,33.5,14.1,0,0,0,0,0,0,209
Aug-14,0,22,26.9,18.8,31.6,16.5,0,0,0,0,0,0,239
Sep-14,0,16.9,22.5,12.7,26.7,6.6,0,0,0,0,0,0,32
Oct-14,0,11.7,17.2,7.7,24,0.8,0,0,0,0,0,0,190
Nov-14,0,6.6,11.4,3,17.8,-2.5,0,0,4,0,0,0,104
Dec-14,183,-1.1,1.9,-4.1,14.7,-11.6,23,11,29,436,79,19,409
Jan-15,221,-2.1,1.1,-5.3,7.9,-11.4,26,9,31,372,57,20,244
Feb-15,262,-1.3,2.1,-5,12.2,-9.7,22,6,27,272,40,13,138
Mar-15,204,1.5,6.7,-2.5,16.4,-7.2,12,1,24,129,27,9,98
Apr-15,117,7.5,14,2.5,24.7,-2.1,0,0,4,17,4,4,93
May-15,0,15.4,22.7,9.2,27.3,2.6,0,0,0,0,0,0,64
Jun-15,0,17.7,23.2,13.4,27.5,6.4,0,0,0,0,0,0,68
Jul-15,0,22.4,27.5,18.5,33.2,13.2,0,0,0,0,0,0,114
Aug-15,0,22.3,27.3,18.9,32.5,17.1,0,0,0,0,0,0,135
Sep-15,0,17.2,21.7,14,26,9.1,0,0,0,0,0,0,114
Oct-15,0,11.7,17.8,7.4,23.1,3.5,0,0,0,0,0,0,40
Nov-15,0,8,12.3,4.9,19,-0.8,0,0,3,0,0,0,126
Dec-15,41,2,5.9,-1.2,13.4,-6.2,8,0,21,85,37,7,146
Jan-16,67,-1.6,2.1,-4.6,8.1,-11.7,27,5,30,183,30,16,100
Feb-16,90,-1.1,3,-4.6,11.9,-10.6,19,6,26,207,42,11,80
Mar-16,87,2.4,7.5,-1.5,17.3,-8.7,9,1,22,77,23,6,47
Apr-16,1,9.9,16.7,4.5,24.7,-3.7,0,0,3,1,1,0,102
May-16,0,15.9,22.7,9.9,28.9,3.3,0,0,0,0,0,0,35
Jun-16,0,18,23.7,13.5,27.7,3.9,0,0,0,0,0,0,117
Jul-16,0,21.7,26.9,18.2,30,15.5,0,0,0,0,0,0,141
Aug-16,0,22.6,28.1,18.8,32.2,14,0,0,0,0,0,0,200
Sep-16,0,19.4,23.7,16.4,31.1,7.9,0,0,0,0,0,0,250
Oct-16,0,12.4,17.8,8,26.2,-0.2,0,0,1,0,0,0,44
Nov-16,0,5.1,9.9,1.5,16.5,-2.9,1,0,8,0,0,0,120
Dec-16,54,1,5.1,-2.4,17.5,-8.1,13,4,25,184,32,11,224
Jan-17,185,-2.1,1.3,-5.2,6.2,-12.1,24,10,31,374,56,19,298
Feb-17,182,-2,1.7,-5.4,8.7,-10.5,25,7,28,216,28,17,132
Mar-17,143,0.9,4.7,-2.2,10.1,-6,9,0,28,157,30,14,113
Apr-17,94,6.9,13.5,1.8,24.6,-3.2,0,0,7,6,3,1,77
May-17,0,14.5,21.1,9.3,28.8,3.2,0,0,0,0,0,0,86
Jun-17,0,16.1,21.8,11.2,30.8,4.6,0,0,0,0,0,0,45
Jul-17,0,22.5,27.3,19.1,32.3,16.2,0,0,0,0,0,0,322
Aug-17,0,22.3,27.1,19,32.3,14.6,0,0,0,0,0,0,234
Sep-17,0,17.4,22.7,13.3,25.8,6.8,0,0,0,0,0,0,126
Oct-17,0,12,16,9.1,24.2,2.3,0,0,0,0,0,0,340
Nov-17,24,4.3,9.4,0.8,18,-4.7,3,0,12,55,31,5,132
Dec-17,132,-1.2,2.3,-4,8,-7.1,23,5,31,315,64,16,224
Jan-18,186,-2.7,0.5,-5.9,5.7,-12.7,26,13,29,318,42,20,198
Feb-18,193,-3,1.3,-7.2,6.8,-12.2,27,10,27,180,43,14,64
Mar-18,142,2.8,8.8,-1.4,17,-6.1,7,0,21,32,5,5,61
Apr-18,17,9.8,17,4.4,26.4,-1.7,0,0,4,0,0,0,60
May-18,0,14.1,20.4,9,28,1.3,0,0,0,0,0,0,116
Jun-18,0,18.1,23.7,13.6,31.7,8.9,0,0,0,0,0,0,74
Jul-18,0,24.1,29.9,19.5,32.9,17.8,0,0,0,0,0,0,113
Aug-18,0,23.1,28.9,19,34.3,10.2,0,0,0,0,0,0,156
Sep-18,0,17.8,22,14.7,29.6,9.4,0,0,0,0,0,0,193
Oct-18,0,12.7,18,8.6,29.1,2.6,0,0,0,0,0,0,63
Nov-18,0,7,12.1,3.5,18.5,-2.3,0,0,3,0,0,0,33
Dec-18,84,1,4.6,-1.6,19.3,-7,14,4,24,255,36,18,214
Jan-19,174,-2.5,1,-5.7,6.7,-12.2,31,10,31,403,42,23,245
Feb-19,160,-1.1,2.9,-4.4,8.5,-9.6,15,7,26,177,29,17,54
Mar-19,98,2.1,7.3,-1.8,18.2,-6.5,7,0,26,201,20,27,98
Apr-19,54,6.2,12.1,1.7,25.6,-4.6,2,0,9,79,33,7,96
May-19,0,14.7,21.8,8.4,30.8,0.3,0,0,0,0,0,0,78
Jun-19,0,17.3,22.6,13.3,27.8,8.7,0,0,0,0,0,0,186
Jul-19,0,21.7,26.2,18.4,31.3,15.6,0,0,0,0,0,0,126
Aug-19,0,23.9,29.1,20.2,34,14.7,0,0,0,0,0,0,236
Sep-19,0,19.6,24.7,15.8,32,8.9,0,0,0,0,0,0,48
Oct-19,0,13.8,18.3,10.3,26.8,5.4,0,0,0,0,0,0,340
Nov-19,0,6.4,11.8,2.3,21.1,-2.9,0,0,6,0,0,0,62
Dec-19,25,1.5,5.6,-1.8,14.7,-5.9,10,0,27,57,22,4,111
Jan-20,50,0.5,3.8,-2,8.7,-7,14,0,26,225,28,22,175
Feb-20,119,-0.2,4.1,-3.5,11.9,-11.6,15,4,24,301,48,20,168
Mar-20,36,3.2,8.8,-0.9,19.4,-6.8,5,0,22,95,19,9,110
Apr-20,0,6,12,1.2,21.6,-2.2,0,0,9,0,0,0,124
May-20,0,14.9,21.8,9.5,28.9,2.6,0,0,0,0,0,0,42
Jun-20,0,19.1,24.4,15,30.1,9.7,0,0,0,0,0,0,168
Jul-20,0,20.4,24.2,18,28.6,14.4,0,0,0,0,0,0,406
Aug-20,0,24.2,29.9,20.2,33.6,17.2,0,0,0,0,0,0,76
Sep-20,0,20.2,25,16.8,32.5,9.1,0,0,0,0,0,0,98
Oct-20,0,11.3,15.6,8,23.8,1.2,0,0,0,0,0,0,54
Nov-20,0,6.7,12,2.4,21.7,-1.9,0,0,6,0,0,0,100
Dec-20,138,0.1,3.9,-2.7,10.4,-7.1,16,5,27,292,57,12,205
Jan-21,170,-2.5,1.2,-5.5,7.2,-9.5,26,12,31,270,43,15,142
Feb-21,155,-1,3.6,-4.9,13.3,-10.1,20,7,26,235,50,22,108
Mar-21,127,3.9,9.3,-0.5,18.2,-5.4,3,0,20,135,18,20,55
Apr-21,0,7.8,14.4,2.2,19.8,-2.2,0,0,8,0,0,0,77
May-21,0,13.7,19.4,8.8,27.4,1.3,0,0,0,0,0,0,125
Jun-21,0,18.4,24.2,14,28.2,7.6,0,0,0,0,0,0,118
Jul-21,0,22.3,27.2,18.9,31.7,17.2,0,0,0,0,0,0,158
Aug-21,0,22.9,27.9,19.5,33.4,16.7,0,0,0,0,0,0,182
Sep-21,0,18.3,23.4,14.7,28.6,11.9,0,0,0,0,0,0,98
Oct-21,0,12.5,17.7,9,25.9,1.3,0,0,0,0,0,0,166
Nov-21,19,6.4,11.9,2.6,19.1,-4.9,1,0,4,39,20,3,108
Dec-21,162,0.1,3.9,-3.2,11.9,-10,13,6,27,308,54,18,238
Jan-22,192,-3,-0.2,-6.2,4.3,-11.5,30,17,31,327,58,16,146
Feb-22,298,-3,0.8,-6.8,6.6,-11.5,27,10,28,386,70,20,174
Mar-22,223,2,6.6,-1.9,16,-7.3,8,1,22,171,32,24,63
Apr-22,93,8,14.7,3.1,24.4,-2.1,0,0,5,13,7,2,90
May-22,0,13.5,20,8,29.5,2.3,0,0,0,0,0,0,97
Jun-22,0,18.6,24.5,14.3,32.5,8.6,0,0,0,0,0,0,62
Jul-22,0,22.9,28,19.2,32.5,16.3,0,0,0,0,0,0,160
Aug-22,0,22.8,28.1,19.2,32.9,13.5,0,0,0,0,0,0,124
Sep-22,0,19.8,25.1,15.9,31.6,9.3,0,0,0,0,0,0,212
Oct-22,0,11,16.5,7,24.9,0.3,0,0,0,0,0,0,86
Nov-22,1,7.4,12.6,3.5,19.6,-0.4,0,0,1,1,1,0,138
Dec-22,53,0.4,4.1,-2.5,10.4,-6.8,15,0,28,99,28,9,105
Jan-23,138,-2.3,1.1,-5.3,6.8,-12.4,28,12,30,338,53,22,168
Feb-23,149,-1.6,2.4,-4.9,8.3,-9.9,20,7,27,270,47,19,120
Mar-23,119,4.2,10,0.1,17.5,-4.9,2,0,14,71,20,9,56
Apr-23,0,9.2,15.7,3.5,24.1,-1.8,0,0,3,0,0,0,88
May-23,0,13.5,20,8.2,30.6,1.5,0,0,0,0,0,0,148
Jun-23,0,18.3,23.2,14.1,28.1,7,0,0,0,0,0,0,202
Jul-23,0,23,28.5,19,32.2,15.1,0,0,0,0,0,0,125
Aug-23,0,25.4,31.9,20.9,33.9,18.1,0,0,0,0,0,0,29
Sep-23,0,21.5,27.1,18,32.3,10.8,0,0,0,0,0,0,61
Oct-23,0,11.6,17.1,7.7,21.2,3.3,0,0,0,0,0,0,106
Nov-23,14,6.6,11.9,2.7,22.4,-3.2,1,0,12,14,14,1,158
Dec-23,66,1.4,5.4,-1.6,15.2,-6.2,13,1,22,108,50,8,131
Jan-24,79,-1.2,2.2,-4.3,7.3,-9.7,21,6,29,240,37,15,142
Feb-24,87,-0.1,3.7,-3.1,16.2,-5.8,24,3,27,154,45,12,107
Mar-24,91,0.9,5,-2.4,12.8,-8.2,16,3,23,212,28,16,176
Apr-24,12,11.1,18,5.9,26.3,-1.4,0,0,1,0,0,0,82
May-24,0,14.3,21.2,8.3,29.2,0.2,0,0,0,0,0,0,88
Jun-24,0,18.8,24.6,14.2,31.5,9.1,0,0,0,0,0,0,110
Jul-24,0,23.1,27.9,19.6,32.6,15.9,0,0,0,0,0,0,254
Aug-24,0,24.3,29.6,20.8,33.3,17.9,0,0,0,0,0,0,77
Sep-24,0,22,27,18.5,32.1,12.3,0,0,0,0,0,0,100
Oct-24,0,15.1,20.3,11.1,26.1,3.5,0,0,0,0,0,0,162
Nov-24,2,7.2,11.8,3.5,19.2,-1.5,0,0,5,3,3,1,188
Dec-24,143,0,3,-2.6,12.6,-6,19,1,27,309,40,16,260
Jan-25,152,-1.3,2.1,-4.5,6.7,-8.1,25,6,31,216,35,14,118
Feb-25,238,-2.3,1.5,-5.5,9.1,-11.4,23,14,28,350,47,18,224
Mar-25,207,2.2,7.2,-1.7,18.9,-8.4,7,1,22,104,27,7,72
Apr-25,93,7.8,14.5,3.1,25.2,-1,0,0,2,1,1,0,40
May-25,0,14.3,20.4,9.3,29.3,2.3,0,0,0,0,0,0,86
Jun-25,0,20.1,25.5,15.8,32.1,7.9,0,0,0,0,0,0,134
Jul-25,0,25.1,31.5,20.4,34.4,18.5,0,0,0,0,0,0,33
